,0,1
0,5.125995436649963,573.0
1,5.816034359341445,0.0
2,2.3079776604628965,662.0
3,5.359301678199316,249.0
4,5.548434641692515,3.0
5,6.321401763699992,4.0
6,6.600981517935258,5.0
7,16.06273736379543,436.0
8,16.356366320687183,7.0
9,16.644607989342237,8.0
10,2.513651525093454,2.0
11,4.061909697367374,725.0
12,8.198340441819772,542.0
13,3.562109778891275,483.0
14,15.372139207030937,125.0
15,1.4513180525729736,16.0
16,1.3631206255468065,312.0
17,17.493450747633815,18.0
18,17.401941412153022,19.0
19,17.278108347252044,675.0
20,6.746314026087648,968.0
21,4.942255975105384,999.0
22,5.945024805137993,1014.0
23,8.738523274079377,24.0
24,8.475670832339139,574.0
25,0.4417327805615207,26.0
26,0.0,inf
27,1.4357029945120496,28.0
28,1.1529604609082955,579.0
29,1.287363049789231,285.0
30,1.7134869860017499,29.0
31,7.972061908454624,535.0
32,7.953526405790184,33.0
33,7.736034061083272,836.0
34,4.848795534080966,59.0
35,12.169343533762826,36.0
36,11.960301837270341,37.0
37,11.810296617752327,38.0
38,11.51641911238368,39.0
39,11.241959456772449,40.0
40,11.071411705639068,877.0
41,9.544510061242342,210.0
42,10.765740575041754,41.0
43,12.250159071025216,651.0
44,12.756874850870917,43.0
45,13.623849220551978,44.0
46,1.7248207965481586,676.0
47,1.9021912033723056,496.0
48,14.028206523900417,49.0
49,13.916434273840766,50.0
50,13.644453889286563,559.0
51,4.634739372067128,52.0
52,4.105343543704764,371.0
53,4.307842201542989,52.0
54,2.6841371391076114,10.0
55,10.22545210967947,806.0
56,4.098241270977491,370.0
57,4.271100522945995,56.0
58,4.797923874572496,57.0
59,4.34751053845542,57.0
60,3.8734602421856357,61.0
61,3.6958909965799727,112.0
62,3.7936326851189053,61.0
63,8.816194673109043,526.0
64,9.295942943211644,63.0
65,9.423814920862165,63.0
66,8.897059920066809,67.0
67,8.818549669927622,68.0
68,8.013575717808001,558.0
69,9.601564364113575,537.0
70,1.4927324425355921,71.0
71,1.343553646703253,297.0
72,9.504767159786844,251.0
73,9.46362617314881,567.0
74,9.634422472759086,73.0
75,12.456168476099577,401.0
76,13.736236628091941,667.0
77,7.425466525491131,78.0
78,7.350392458045016,723.0
79,10.772867702616717,626.0
80,2.7709675495108566,945.0
81,2.984029517617116,80.0
82,9.81089189135449,65.0
83,9.419515032211883,357.0
84,3.273420722977809,209.0
85,3.428316133778732,84.0
86,3.5322218245446586,85.0
87,3.6411233396961737,86.0
88,4.2802968165911075,160.0
89,5.988626421697288,90.0
90,5.583840372226199,852.0
91,5.311859987671997,770.0
92,5.715185814841327,398.0
93,4.69875924600334,51.0
94,9.009590242980991,23.0
95,6.103343971208144,218.0
96,6.295136403404119,95.0
97,9.296943350831146,531.0
98,9.62924645072775,965.0
99,7.7199343334924055,110.0
100,7.858382048834806,99.0
101,9.934258927861292,117.0
102,4.272312196770859,103.0
103,3.88847257019009,848.0
104,4.1656103356398635,103.0
105,6.577164360136801,322.0
106,6.6018265827567,195.0
107,6.985355523741349,106.0
108,7.080176767676767,90.0
109,6.80797268949336,773.0
110,7.202151932712957,109.0
111,2.3650754593175853,146.0
112,2.5673007138312256,257.0
113,3.8334128688459392,61.0
114,4.194653225165037,863.0
115,4.780351497256025,114.0
116,4.950924103237096,115.0
117,9.781942207508154,738.0
118,14.151536278135685,411.0
119,14.23690025252525,118.0
120,7.868299133062911,669.0
121,8.251672731249501,107.0
122,8.338155173785095,734.0
123,7.099768601368011,967.0
124,15.063100244571698,130.0
125,15.243763918714704,130.0
126,14.175285085102995,214.0
127,14.363349290145546,126.0
128,14.675606955380573,127.0
129,14.660426857154217,324.0
130,14.885717410323707,129.0
131,11.07760056271375,55.0
132,11.326621281714784,131.0
133,11.590530054481825,132.0
134,6.358671607810388,135.0
135,6.166537421458682,136.0
136,5.974589646464647,137.0
137,5.004250178954904,138.0
138,4.236620635488746,139.0
139,3.8527810089079777,13.0
140,15.519714865187305,375.0
141,16.301797502584904,407.0
142,8.536807543943372,225.0
143,8.696649069434503,142.0
144,3.8479778095919825,761.0
145,2.556004185556351,146.0
146,2.1061562972242105,260.0
147,9.971447993716694,98.0
148,11.424835212359818,147.0
149,11.097496868289191,561.0
150,10.400237612343911,843.0
151,10.869826463453432,150.0
152,11.14190005368647,151.0
153,1.7623640439831383,154.0
154,1.6377729062276305,15.0
155,1.6026592201542986,16.0
156,1.704837499005806,157.0
157,1.5567709576075717,579.0
158,3.9454088125347964,159.0
159,3.304178596993557,576.0
160,3.4052384076990374,663.0
161,10.258689254752245,162.0
162,9.531977004294916,750.0
163,9.375198838781518,212.0
164,9.528814224926432,163.0
165,9.742851745804504,164.0
166,9.80863010021475,165.0
167,10.055289608685282,166.0
168,10.20328779925237,167.0
169,5.242011651952596,630.0
170,5.625043495983457,631.0
171,6.3917099141016465,170.0
172,7.9351089636522705,417.0
173,8.297094965402051,172.0
174,8.701539260717409,173.0
175,8.92518318022747,174.0
176,9.095656366817783,175.0
177,4.461606716774039,831.0
178,4.749345074763381,177.0
179,3.1146044599538696,488.0
180,10.12914578859461,753.0
181,10.268892169728787,180.0
182,10.589675047721311,181.0
183,10.77053134693391,182.0
184,10.844518014793609,183.0
185,11.156906167979006,184.0
186,11.304879503698405,185.0
187,11.469294321164403,186.0
188,11.567943211644002,187.0
189,11.6254883977571,188.0
190,5.291410661735465,301.0
191,4.927715889207031,310.0
192,5.194967638988308,191.0
193,5.3183160343593405,192.0
194,5.450320130438239,193.0
195,5.86985131830112,194.0
196,15.56384464726,129.0
197,1.771796458681301,231.0
198,4.258356199793207,159.0
199,4.492762268352819,198.0
200,12.578199564543066,839.0
201,11.882655293088362,234.0
202,12.72115843474111,201.0
203,13.793645112542748,837.0
204,6.050129742304939,205.0
205,5.9728249522786925,206.0
206,5.9068601865107775,208.0
207,5.838422363397758,208.0
208,5.523151047880379,475.0
209,2.591260787003897,228.0
210,9.115099071422888,121.0
211,9.209696621729101,122.0
212,8.937188071661499,781.0
213,10.91396867294997,162.0
214,13.277950518969217,511.0
215,5.352162123200509,52.0
216,5.4172942515708264,215.0
217,5.365881999125109,834.0
218,5.717540811659905,217.0
219,17.614226666268987,17.0
220,1.8142423248230335,255.0
221,1.7913261552533206,255.0
222,4.053564682255627,144.0
223,4.152244641294838,222.0
224,4.383879394337072,53.0
225,8.429863348047403,226.0
226,7.843798466952995,105.0
227,2.3574201662292213,228.0
228,2.0689734450807284,258.0
229,1.4164218464169251,493.0
230,1.514200817227392,229.0
231,1.3915297164558975,1048.0
232,14.976369253559211,126.0
233,10.037928497574166,74.0
234,10.23003161536626,233.0
235,5.5468936411357666,217.0
236,5.930522001511174,235.0
237,6.091202378111826,236.0
238,1.7836646484530343,239.0
239,1.5916795911874653,240.0
240,1.4422771017259206,71.0
241,1.6129615545215938,240.0
242,14.765600145152309,796.0
243,14.81948545494313,242.0
244,10.670142617116044,245.0
245,9.896168873777142,82.0
246,10.552647538375883,247.0
247,9.45464735942098,750.0
248,3.8927848862642165,668.0
249,4.2655951741827725,248.0
250,4.628612652111668,249.0
251,8.523448063310267,361.0
252,4.931164499323948,253.0
253,4.547803328561202,299.0
254,6.18127634613855,546.0
255,1.732115694345025,425.0
256,1.7710508132506164,758.0
257,1.8645050405631114,433.0
258,1.9695478406108327,257.0
259,2.166311242344707,519.0
260,1.8816300306211722,275.0
261,4.379759703332539,53.0
262,4.485821552135528,263.0
263,4.287908613696015,612.0
264,10.766082329197488,244.0
265,16.521383868209654,783.0
266,17.125505796150478,265.0
267,7.407832011055435,533.0
268,4.57853634772926,269.0
269,4.486834387178875,851.0
270,9.40409259922055,211.0
271,9.620435407221823,270.0
272,9.66163231726716,67.0
273,1.3150824186749381,832.0
274,1.3655564006203769,273.0
275,1.4581717768233515,274.0
276,11.850549043585463,277.0
277,11.399713175057666,278.0
278,11.068485047323634,319.0
279,4.918302115644635,860.0
280,5.061845074763381,279.0
281,1.7068569553805775,239.0
282,1.565681420504255,240.0
283,1.7281327050027837,241.0
284,7.717163017975024,107.0
285,1.1872601507197964,579.0
286,1.1192572874413425,287.0
287,1.0654216873459,288.0
288,1.013344567724489,289.0
289,0.9595089676290464,290.0
290,0.8845964566929134,878.0
291,0.9533884613855087,290.0
292,0.9246376163206872,757.0
293,1.0240756482144278,292.0
294,1.0761527678358387,293.0
295,1.1299821542193589,294.0
296,4.214021365227073,158.0
297,1.1196736061401416,490.0
298,2.001703799809115,282.0
299,4.35879463930645,1000.0
300,4.263494939553011,569.0
301,4.745318589437684,299.0
302,3.1708634076990374,378.0
303,3.253077030143959,302.0
304,3.302407689095681,303.0
305,4.05673988904796,258.0
306,4.445289509265886,11.0
307,10.998369521991572,184.0
308,4.287417730454147,611.0
309,4.403036268193748,308.0
310,4.520115028235106,309.0
311,1.3956494074604309,312.0
312,1.258040543227551,28.0
313,9.764338761632072,164.0
314,10.4279507675177,168.0
315,10.839130726556911,314.0
316,10.423097858506322,323.0
317,11.027449693788279,314.0
318,10.513202895092663,168.0
319,10.8240189791617,182.0
320,5.845176668257376,369.0
321,6.124812345899944,320.0
322,6.404448023542511,321.0
323,9.291450429491768,226.0
324,14.203265429889443,518.0
325,14.95688305297065,129.0
326,15.251096098783105,325.0
327,15.751579525570666,326.0
328,15.309821890161457,329.0
329,15.186380289111588,330.0
330,15.012427423844747,331.0
331,14.858364650441422,332.0
332,14.77457895888014,333.0
333,14.668399049550624,334.0
334,14.392702865266841,454.0
335,13.228775202815555,956.0
336,13.31132436570429,337.0
337,13.05623906386702,338.0
338,12.97101800485167,339.0
339,12.186164051936693,340.0
340,11.504115962777384,277.0
341,4.908484450807285,342.0
342,4.779152250855007,974.0
343,2.304790026246719,259.0
344,3.064540582995307,343.0
345,2.8448672254036427,346.0
346,2.1741591605026644,47.0
347,12.850919380816034,35.0
348,12.894980812057584,347.0
349,11.03138918714706,234.0
350,5.107180316949017,351.0
351,4.803758550067604,352.0
352,4.606373777141493,88.0
353,7.471814602720113,267.0
354,7.529477849359738,353.0
355,7.620092410323709,354.0
356,7.669516274954266,355.0
357,9.002512825101409,562.0
358,14.903662610355527,360.0
359,13.482251153264937,648.0
360,14.344950489143406,359.0
361,8.19833422810785,363.0
362,6.1965372226199,627.0
363,6.65743309075002,362.0
364,8.826832547920148,729.0
365,9.987342668814128,364.0
366,12.834223136880619,367.0
367,12.467179173626025,647.0
368,6.90306733675336,841.0
369,5.762931977252842,732.0
370,3.3307919251570826,487.0
371,4.046760667700628,370.0
372,16.74282191998727,7.0
373,10.909171687345902,101.0
374,14.836871420901932,751.0
375,15.306335997773004,733.0
376,11.902048287998088,813.0
377,2.9159955857790503,431.0
378,3.096870526127416,377.0
379,20.050741171558098,657.0
380,20.18539852262785,379.0
381,20.354579257138308,382.0
382,20.149514336276145,379.0
383,20.28430217529627,379.0
384,20.63498543505925,381.0
385,6.6056169470293495,523.0
386,9.685635886423286,271.0
387,12.296115684403084,349.0
388,12.488106955380575,387.0
389,4.943094826214905,262.0
390,5.04542223415255,137.0
391,4.852890370237811,554.0
392,5.2300316153662605,391.0
393,13.158895798536548,394.0
394,13.034155531694903,395.0
395,12.919723812932476,366.0
396,9.016182991330627,33.0
397,10.56340347371351,396.0
398,4.3919012964288555,114.0
399,6.298746570031019,92.0
400,8.361214258729024,735.0
401,11.83766801877038,131.0
402,12.096978644714865,401.0
403,0.3735621470611628,26.0
404,17.45850483178239,405.0
405,17.27536810029428,406.0
406,17.127357482303346,265.0
407,15.776751272568202,374.0
408,16.007578243060525,407.0
409,1.6113956991171559,1035.0
410,1.3118575021872267,290.0
411,13.927469826214903,76.0
412,13.677604042392428,638.0
413,2.9329217370555956,661.0
414,7.1519637815159465,415.0
415,6.542827388053766,918.0
416,7.195161506800286,415.0
417,7.549106965322516,632.0
418,11.946302344309231,131.0
419,7.097457100532887,1052.0
420,7.86939274636125,419.0
421,9.381424978127733,67.0
422,9.943262596436808,421.0
423,1.7460654776107531,409.0
424,1.547220482382884,425.0
425,1.4494352978604947,410.0
426,10.369442456056628,427.0
427,9.313179780084306,396.0
428,1.69102441740237,275.0
429,2.677569245605663,828.0
430,2.743341386303985,429.0
431,2.8173342678756064,430.0
432,1.3507056291259047,292.0
433,1.4443027718126142,293.0
434,1.7461027598822874,433.0
435,1.836605474031655,229.0
436,15.785201920782626,232.0
437,13.615622265966751,438.0
438,13.134649894615443,439.0
439,13.002061709615841,440.0
440,12.686187664041991,633.0
441,13.07481806251491,440.0
442,13.25109485604072,441.0
443,13.4097557762666,442.0
444,13.47903245048914,443.0
445,13.529599638113414,444.0
446,13.748514922850548,445.0
447,14.006700866937082,446.0
448,14.21543809154537,447.0
449,14.657127376123434,448.0
450,14.887345402847366,449.0
451,14.975729241231205,450.0
452,16.146050813250614,453.0
453,15.855565994591585,334.0
454,13.444689264694185,455.0
455,12.98888242662849,456.0
456,12.643909568122167,457.0
457,12.288913992285055,458.0
458,11.441792432195975,459.0
459,11.078774954267079,460.0
460,10.772414101646383,461.0
461,10.55115003380259,462.0
462,10.335012278294757,463.0
463,9.682025719796387,464.0
464,8.95157281476179,465.0
465,8.700103893263341,466.0
466,8.43208164320369,467.0
467,8.265398820886025,468.0
468,8.16011368607333,469.0
469,8.066802374135051,470.0
470,7.979742056390679,471.0
471,7.820298208462579,472.0
472,7.647737214666349,473.0
473,7.035133569951483,474.0
474,6.248222878390202,208.0
475,4.931425475224689,476.0
476,4.835734311620139,477.0
477,4.693042631034758,478.0
478,4.527024675892787,479.0
479,4.345913614491371,480.0
480,4.251241499642091,481.0
481,4.13598957090591,482.0
482,3.9696982124393543,13.0
483,3.144691253082001,484.0
484,2.975603724250378,485.0
485,2.768711972083035,486.0
486,2.6193219100453353,487.0
487,2.4374652032132347,488.0
488,1.9047885349558578,489.0
489,1.3705460112940426,297.0
490,0.8608849319971367,403.0
491,0.70741867493836,403.0
492,0.9834628270897956,491.0
493,1.2674481030780242,492.0
494,1.4753775451364033,493.0
495,1.6688911755348763,494.0
496,1.757697546329436,495.0
497,1.9917307921737055,47.0
498,15.604662520878069,499.0
499,14.836436461067363,500.0
500,14.219501859142603,501.0
501,14.03389207030939,502.0
502,13.826260886423285,503.0
503,13.555703441899304,504.0
504,13.355305018690842,505.0
505,13.12875308200111,506.0
506,12.851012586494866,507.0
507,12.53100642249264,508.0
508,12.217499801161216,509.0
509,11.9518760439036,376.0
510,11.964477451682173,376.0
511,12.146365227073886,510.0
512,12.51610594130279,511.0
513,12.915523343672948,512.0
514,13.053287550703887,513.0
515,13.139496589914895,514.0
516,13.241942058379065,515.0
517,13.405486956175931,516.0
518,13.547681539807522,517.0
519,2.028752087807206,434.0
520,2.4130018193748506,519.0
521,2.5392768730613215,520.0
522,6.477353505527719,523.0
523,6.317437415493519,208.0
524,6.893175107372943,523.0
525,2.8690509922055196,112.0
526,7.451464696174342,123.0
527,7.652739252763859,526.0
528,7.810996281714786,526.0
529,7.936904726397837,528.0
530,8.128864928815716,529.0
531,9.099216823749304,530.0
532,11.343329953074047,864.0
533,7.290529557384871,534.0
534,6.8959526366022414,604.0
535,7.279891682573767,534.0
536,7.4718705261274145,535.0
537,8.826627495426706,536.0
538,9.210709456772447,537.0
539,2.2880130040563107,540.0
540,2.149441014475463,576.0
541,6.650765777857313,254.0
542,6.749507874015747,541.0
543,7.862737860892388,814.0
544,19.111507545931754,9.0
545,19.89130353734192,544.0
546,5.908916925157082,235.0
547,5.378284568122165,1056.0
548,5.706492831861926,998.0
549,6.387931977252843,548.0
550,6.717084725204803,1051.0
551,18.2590608347252,552.0
552,18.011562475145148,553.0
553,17.85039121530263,568.0
554,3.7015454744293326,13.0
555,4.636994949494949,556.0
556,4.579984142607174,199.0
557,2.7574589397916167,804.0
558,7.3991452417879575,737.0
559,12.887101825340011,388.0
560,11.876031476179115,149.0
561,9.94588478286805,562.0
562,8.037715988626422,737.0
563,13.768541716376358,50.0
564,11.41384936968106,813.0
565,8.121464397916169,566.0
566,8.022660164638511,543.0
567,8.310845909886265,566.0
568,16.675800823192553,265.0
569,3.975880855802116,1002.0
570,10.911675813250621,319.0
571,5.956178418038654,572.0
572,5.556245277578939,819.0
573,4.875340511413345,306.0
574,7.703523920305416,744.0
575,1.974164628569156,435.0
576,1.9469609977730054,46.0
577,1.9739347212280283,30.0
578,2.112425932553885,577.0
579,1.0535037878787878,878.0
580,10.860785512606379,316.0
581,14.77712658076831,324.0
582,15.429398562395608,581.0
583,15.62387531814205,582.0
584,12.808106905670881,585.0
585,12.594193659031257,586.0
586,12.484726696094805,587.0
587,12.356488109440864,588.0
588,12.121864560963969,589.0
589,11.444545106577586,462.0
590,13.711400421538217,591.0
591,13.102152181261433,592.0
592,12.630904269068639,593.0
593,12.454751749781277,594.0
594,12.172425534876322,595.0
595,11.92521921975662,148.0
596,11.183718334924041,597.0
597,10.994635081126221,598.0
598,10.698458502346297,599.0
599,10.360426360057264,147.0
600,12.22278767000716,959.0
601,13.6462123697606,600.0
602,5.271153960868527,642.0
603,5.367050176966515,602.0
604,6.409729678676528,755.0
605,7.085427354251172,604.0
606,13.049472331583553,616.0
607,5.720790582995307,603.0
608,11.961457587687903,560.0
609,12.206774934383203,608.0
610,12.30277056987195,609.0
611,4.0900640260876475,144.0
612,3.6054442058379066,846.0
613,4.191266752167342,158.0
614,4.340973713513083,799.0
615,4.636746401018054,614.0
616,12.868118935417165,610.0
617,13.293385379384397,616.0
618,18.49864913902807,551.0
619,14.378026077706194,118.0
620,14.476258649486994,619.0
621,14.560168615286724,620.0
622,14.675290056072535,621.0
623,9.483373349638113,24.0
624,12.8101387894695,600.0
625,13.745165732124395,624.0
626,10.50098052374135,247.0
627,5.907692823908375,215.0
628,6.8361332319255546,546.0
629,4.845042452079853,177.0
630,4.855667899467111,177.0
631,5.238749453193351,933.0
632,6.016078600970333,631.0
633,12.50584710291895,201.0
634,5.1774822536387495,642.0
635,5.506585291895331,634.0
636,13.422953700389725,606.0
637,6.837338692038495,645.0
638,13.320806490097828,751.0
639,14.605913962459237,638.0
640,5.858498866618945,169.0
641,5.998642925316153,640.0
642,4.793891175534876,643.0
643,4.547287590471645,701.0
644,9.40034573093136,538.0
645,6.565476368010817,745.0
646,6.849293873777142,363.0
647,12.386357422651715,35.0
648,13.35400013918715,649.0
649,13.001794520003184,650.0
650,12.521996540205205,43.0
651,12.021152718126146,276.0
652,21.4001419211803,653.0
653,21.225387487075473,654.0
654,21.051782589676286,655.0
655,20.457018511890556,656.0
656,20.312997096953787,379.0
657,19.736818231527874,658.0
658,19.451776624512842,659.0
659,19.188588642328796,544.0
660,4.168717191601049,11.0
661,2.249960232243697,281.0
662,1.7896733078819693,70.0
663,3.199645321323471,557.0
664,13.966653493597393,617.0
665,13.295162500994193,751.0
666,13.4819093991092,665.0
667,13.560562564622602,666.0
668,2.870635488745725,765.0
669,7.769612960311778,106.0
670,8.255313966436013,420.0
671,8.378482164161298,670.0
672,8.444167312892706,671.0
673,8.641521017259205,672.0
674,7.20525257496222,414.0
675,16.49558453630796,783.0
676,1.5815325996182295,15.0
677,5.134228604947109,279.0
678,2.517628300723773,220.0
679,10.951232303348442,397.0
680,14.874613507118426,324.0
681,15.310082866062194,680.0
682,15.74539066849598,681.0
683,15.916155899546645,682.0
684,16.09457020997375,683.0
685,16.189192615127652,684.0
686,16.292153821681378,685.0
687,16.442581573610113,686.0
688,16.61387497017418,687.0
689,16.72123548476895,690.0
690,16.5802463612503,691.0
691,16.42428840571065,692.0
692,16.30942794082558,693.0
693,15.793068480076354,334.0
694,6.377946542193588,695.0
695,6.1628837588483245,696.0
696,5.55478505527718,697.0
697,5.096635647816749,698.0
698,4.993811142925315,699.0
699,4.931201781595481,700.0
700,4.848944663167103,643.0
701,4.213928159548238,702.0
702,4.1714450111349715,703.0
703,4.11214134454784,704.0
704,3.9930244869959433,705.0
705,3.821289916885389,706.0
706,3.746501680187704,707.0
707,3.642651912829078,345.0
708,11.614862950369844,277.0
709,11.848722212280286,708.0
710,12.061864958641536,709.0
711,12.219320418754476,710.0
712,12.323443589437685,711.0
713,12.386040523343674,712.0
714,12.569345025053687,713.0
715,13.088910761154857,714.0
716,13.563228247037303,715.0
717,5.04225945478406,34.0
718,3.6348226358068874,302.0
719,6.218682891911238,548.0
720,13.273631989183169,721.0
721,12.889463035870515,1034.0
722,14.952868995068798,622.0
723,7.2384586514753835,646.0
724,6.210281953392189,95.0
725,3.6997932076672226,87.0
726,18.74714169251571,825.0
727,18.8980292591267,726.0
728,19.09645172194385,727.0
729,7.932343861846816,100.0
730,15.296015022269941,213.0
731,16.000718305098225,730.0
732,5.623987164956652,350.0
733,14.751755994989262,639.0
734,8.239493855881651,108.0
735,7.967103366340573,777.0
736,8.87438608526207,802.0
737,7.239278861449137,416.0
738,9.497006233595801,739.0
739,9.447594796389089,64.0
740,8.907927702219041,567.0
741,8.238226258649485,536.0
742,4.362870834327528,102.0
743,7.2563417143879745,368.0
744,7.511880617195578,743.0
745,5.7769749661974075,819.0
746,6.166046538216814,745.0
747,9.020085202417881,212.0
748,9.270336236379546,747.0
749,10.22246331424481,247.0
750,8.676050614411833,605.0
751,12.734511701662292,150.0
752,14.248700091465839,412.0
753,9.907191998727434,400.0
754,0.8998449057504175,491.0
755,6.0151465441819765,756.0
756,5.823198769187941,391.0
757,0.7928261453113815,403.0
758,1.4959076493279249,432.0
759,2.1912344408653466,256.0
760,3.0744825220711047,81.0
761,3.3381365326493277,663.0
762,4.250924600334049,222.0
763,5.004964755825975,178.0
764,2.8194655710649803,2.0
765,2.245461504811898,766.0
766,2.074988318221586,157.0
767,2.245455291099976,766.0
768,4.90084779885469,1004.0
769,5.007711216495666,768.0
770,5.20499657003102,769.0
771,6.076345392905433,91.0
772,6.487370009146585,771.0
773,6.536694454386384,772.0
774,6.997049729579258,109.0
775,7.292996401018056,774.0
776,7.580722331583553,775.0
777,7.778020112542752,776.0
778,8.164407361011694,735.0
779,8.378152837429415,778.0
780,8.542573868607336,779.0
781,8.739877863278457,780.0
782,8.014619621410958,31.0
783,15.807086614173226,14.0
784,17.007153225165034,675.0
785,9.643239729976933,361.0
786,10.20162252445717,785.0
787,15.254252664439672,334.0
788,15.466059462737613,787.0
789,15.695072029348605,788.0
790,15.97349603316631,789.0
791,16.221578481667066,790.0
792,16.128608923884514,793.0
793,16.030363924679868,794.0
794,15.885360743259364,795.0
795,15.496314026087646,242.0
796,14.277413654259124,797.0
797,13.995174431321082,437.0
798,2.962424441263024,982.0
799,3.749888153185397,798.0
800,3.8132742285055277,799.0
801,3.866687296190249,800.0
802,6.783670862164957,1019.0
803,2.0808416348524617,577.0
804,2.5824994531933507,803.0
805,4.451285741270977,60.0
806,10.044073858665392,162.0
807,10.79140941899308,844.0
808,1.4912349379623,1047.0
809,1.6288438021951799,808.0
810,2.2304988865028235,803.0
811,9.78445254712479,644.0
812,10.184155780243376,928.0
813,10.952232710967944,812.0
814,7.590894178000476,815.0
815,7.4842109580052485,77.0
816,13.134743100294285,817.0
817,13.044358446671442,818.0
818,12.884423715501475,650.0
819,5.172312445319335,642.0
820,5.769170544022906,819.0
821,8.690677692277102,172.0
822,20.790141821760912,655.0
823,8.273439364113576,416.0
824,19.111619392746363,825.0
825,16.51552433786686,358.0
826,3.414583830430287,221.0
827,4.65157853137676,931.0
828,2.5605091267000715,497.0
829,5.114195597709377,341.0
830,10.683719577666427,749.0
831,3.512052115644635,304.0
832,0.9915655074365703,754.0
833,5.101103306688936,178.0
834,5.226011343752485,296.0
835,9.544926379941145,163.0
836,7.672039041994749,605.0
837,13.089867672790898,201.0
838,11.697331335003577,589.0
839,12.113724598345659,840.0
840,12.014628320607649,201.0
841,6.2002219537898675,1023.0
842,9.152921935894376,66.0
843,9.22754861608208,842.0
844,9.631122991728306,12.0
845,11.467007675176966,151.0
846,3.221617006680983,179.0
847,3.4202507357034913,865.0
848,3.740300395689175,179.0
849,3.7509382705002783,554.0
850,3.8908772767040483,554.0
851,4.264874383599777,859.0
852,4.062953600970333,862.0
853,12.16427935854609,854.0
854,11.71092693668973,855.0
855,11.540894923645906,79.0
856,3.6042263183011216,413.0
857,15.828281585540442,730.0
858,7.226882506164002,5.0
859,3.7322847073093133,761.0
860,3.9483354708502345,302.0
861,10.369728286805056,69.0
862,3.7966774039608686,1032.0
863,3.7899479539489387,909.0
864,11.170371281714784,246.0
865,1.864262705798139,662.0
866,6.677876202974629,745.0
867,6.908199862801241,866.0
868,8.929271802672393,120.0
869,2.9416333611707626,525.0
870,4.784235067207508,525.0
871,10.94692620098624,580.0
872,12.048704316789944,42.0
873,12.150428994671119,872.0
874,12.252470571860334,873.0
875,10.111045245764736,736.0
876,10.190767169728785,877.0
877,9.919190676449535,892.0
878,0.7457572774994035,403.0
879,9.630172293804181,41.0
880,13.33640912073491,715.0
881,14.025907450489145,45.0
882,14.420993895649408,881.0
883,14.677688548874574,882.0
884,14.686306967310907,895.0
885,15.527531714785654,884.0
886,15.606762755507837,885.0
887,15.725960391314725,886.0
888,15.957918257376923,887.0
889,5.892158544102441,890.0
890,5.7003226159230085,891.0
891,5.359295464487393,829.0
892,9.748655352739998,844.0
893,14.744243617275115,883.0
894,14.78347699435298,884.0
895,14.591815050107376,896.0
896,14.450589805535675,897.0
897,14.347063151197013,898.0
898,14.20381845025054,899.0
899,14.07213125347968,900.0
900,14.010820557941623,901.0
901,13.95714030064424,902.0
902,13.907859351387897,903.0
903,13.85744129284976,904.0
904,13.711077308518256,912.0
905,14.11106015867335,1057.0
906,9.478725493120178,23.0
907,3.4858178239083752,826.0
908,3.5351360554362525,907.0
909,3.58445428696413,908.0
910,2.6677267259206237,804.0
911,13.108769784458763,817.0
912,13.303227899069437,911.0
913,13.569535164638515,912.0
914,14.098228843553649,904.0
915,7.75524064463533,20.0
916,8.681891503618866,917.0
917,7.93942749343832,416.0
918,6.3468158454624986,919.0
919,6.062992125984252,920.0
920,5.916578431957369,921.0
921,5.767586047482701,922.0
922,5.50676548954108,923.0
923,5.2972453372305734,924.0
924,5.209849479042393,925.0
925,4.946195468464169,926.0
926,4.638417889525173,927.0
927,4.496726616559294,975.0
928,9.63199912510936,750.0
929,11.733582130358702,812.0
930,9.76028120774676,323.0
931,3.9939565437843,936.0
932,4.2771091823749305,860.0
933,5.189437435377396,932.0
934,6.241456146106737,170.0
935,6.381177672393224,934.0
936,3.845995635488746,862.0
937,6.750036039529148,938.0
938,6.6758132506163985,939.0
939,6.538254096078898,940.0
940,6.362648383440705,941.0
941,5.924519555794161,696.0
942,2.2921761910443013,810.0
943,2.349740018293168,942.0
944,2.6787249960232247,943.0
945,2.72162446313529,910.0
946,15.48274949296111,947.0
947,14.934420484371275,884.0
948,14.974026684164482,884.0
949,15.154994830191683,948.0
950,8.408245844269466,951.0
951,7.587395858188181,415.0
952,4.468740058060924,614.0
953,4.713616231209734,952.0
954,4.90525332060765,953.0
955,12.398778632784536,874.0
956,12.44924018730613,955.0
957,13.345729688618466,335.0
958,13.492733685277974,957.0
959,11.796781794321166,960.0
960,11.591449683846339,961.0
961,11.464478694424562,962.0
962,11.32401152270739,963.0
963,11.175286327845384,964.0
964,11.068317277101727,98.0
965,8.132151982422652,528.0
966,7.271478316630875,123.0
967,6.987176141334606,20.0
968,6.531269883878152,969.0
969,6.395525133221984,970.0
970,6.279167163763621,971.0
971,6.103300475224688,972.0
972,5.522728515469657,973.0
973,4.956559939950688,342.0
974,4.639958890081922,927.0
975,4.350033305495904,976.0
976,3.938014495347172,707.0
977,2.8040742066332616,978.0
978,2.5103831126222858,979.0
979,2.429934184363318,980.0
980,2.283004752246878,981.0
981,2.153181669052732,497.0
982,2.153585560327686,497.0
983,3.241059711286089,798.0
984,3.405120347172512,344.0
985,3.537217648930247,984.0
986,3.622115594925634,985.0
987,3.7436123041438,986.0
988,3.8391543386622127,987.0
989,4.16400719796389,988.0
990,4.437472659667541,989.0
991,4.715617046448738,990.0
992,5.880837160979876,991.0
993,2.219339059890241,803.0
994,4.2338306788355995,859.0
995,7.147657679153742,171.0
996,6.155769058697208,632.0
997,5.788669172035314,548.0
998,5.2791820766722335,21.0
999,4.597109132665235,253.0
1000,4.120473932235743,1001.0
1001,4.039770241787958,569.0
1002,3.925437942416289,801.0
1003,4.382618010816829,263.0
1004,3.9883704167660867,863.0
1005,5.021424878708343,398.0
1006,5.222537878787879,1005.0
1007,12.023476646385108,397.0
1008,13.23399472083035,1009.0
1009,12.088391294838145,148.0
1010,5.212937693867811,829.0
1011,6.130162351865108,627.0
1012,6.1839482422651715,1011.0
1013,4.722663395768711,52.0
1014,5.690405531694901,1043.0
1015,5.945888511095203,1014.0
1016,2.0655807583711128,283.0
1017,10.511475483178238,74.0
1018,10.918212638192951,1017.0
1019,6.537141841644795,841.0
1020,14.266123339696172,958.0
1021,15.05137497017418,1020.0
1022,15.138864034041196,1021.0
1023,6.150916149685835,1024.0
1024,6.062575807285453,1025.0
1025,5.949585669689017,1026.0
1026,5.863302065934941,1027.0
1027,5.748255189692198,1028.0
1028,5.496444514038019,1029.0
1029,5.3717166746202185,1030.0
1030,5.301669500119304,1031.0
1031,5.214733456613378,1005.0
1032,3.3445739382009068,678.0
1033,12.238210102998487,813.0
1034,12.320647419072614,1033.0
1035,1.2369760598107056,285.0
1036,12.95320950648214,440.0
1037,13.339385488745721,1036.0
1038,13.531382973435136,1037.0
1039,5.668477342320846,1040.0
1040,5.627373637954346,1041.0
1041,5.536951702059969,1042.0
1042,5.438309025292292,833.0
1043,5.558985524536705,547.0
1044,9.96438921697288,117.0
1045,10.48132033921896,561.0
1046,9.801422194384791,421.0
1047,1.44536531655134,231.0
1048,1.3394463831225643,29.0
1049,12.729515877276704,1050.0
1050,12.580243875765529,148.0
1051,6.331057872027359,22.0
1052,6.698306887775391,1051.0
1053,7.49125730732522,419.0
1054,7.053998399347807,550.0
1055,4.7640405034597935,953.0
1056,4.862621043108247,1055.0
1057,14.004992096158437,913.0
1058,14.164715561123044,905.0
1059,14.76433254792015,1058.0
