2,662,70,71,297,490,403,26
10,2,662,70,71,297,490,403,26
13,483,484,485,486,487,488,489,297,490,403,26
15,16,312,28,579,878,403,26
16,312,28,579,878,403,26
21,999,253,299,1000,1001,569,1002,801,800,799,798,982,497,47,496,495,494,493,492,491,403,26
22,1014,1043,547,1056,1055,953,952,614,799,798,982,497,47,496,495,494,493,492,491,403,26
25,26
26
27,28,579,878,403,26
28,579,878,403,26
29,285,579,878,403,26
30,29,285,579,878,403,26
46,676,15,16,312,28,579,878,403,26
47,496,495,494,493,492,491,403,26
52,371,370,487,488,489,297,490,403,26
56,370,487,488,489,297,490,403,26
70,71,297,490,403,26
71,297,490,403,26
84,209,228,258,257,433,293,292,757,403,26
85,84,209,228,258,257,433,293,292,757,403,26
86,85,84,209,228,258,257,433,293,292,757,403,26
87,86,85,84,344,343,259,519,434,435,229,493,492,491,403,26
103,848,179,488,489,297,490,403,26
104,103,848,179,488,489,297,490,403,26
111,146,260,275,274,273,832,754,491,403,26
112,257,433,293,292,757,403,26
138,139,13,483,484,485,486,487,488,489,297,490,403,26
139,13,483,484,485,486,487,488,489,297,490,403,26
145,146,260,275,274,273,832,754,491,403,26
146,260,275,274,273,832,754,491,403,26
153,154,15,16,312,28,579,878,403,26
154,15,16,312,28,579,878,403,26
155,16,312,28,579,878,403,26
156,157,579,878,403,26
157,579,878,403,26
179,488,489,297,490,403,26
190,301,299,1000,1001,569,1002,801,800,799,798,982,497,47,496,495,494,493,492,491,403,26
197,231,1048,29,285,579,878,403,26
209,228,258,257,433,293,292,757,403,26
220,255,425,410,290,878,403,26
221,255,425,410,290,878,403,26
227,228,258,257,433,293,292,757,403,26
228,258,257,433,293,292,757,403,26
229,493,492,491,403,26
230,229,493,492,491,403,26
231,1048,29,285,579,878,403,26
238,239,240,71,297,490,403,26
239,240,71,297,490,403,26
240,71,297,490,403,26
241,240,71,297,490,403,26
248,668,765,766,157,579,878,403,26
249,248,668,765,766,157,579,878,403,26
253,299,1000,1001,569,1002,801,800,799,798,982,497,47,496,495,494,493,492,491,403,26
255,425,410,290,878,403,26
256,758,432,292,757,403,26
257,433,293,292,757,403,26
258,257,433,293,292,757,403,26
259,519,434,433,293,292,757,403,26
260,275,274,273,832,754,491,403,26
262,263,612,846,179,488,489,297,490,403,26
263,612,846,179,488,489,297,490,403,26
273,832,754,491,403,26
274,273,832,754,491,403,26
275,274,273,832,754,491,403,26
281,239,240,71,297,490,403,26
282,240,71,297,490,403,26
283,241,240,71,297,490,403,26
285,579,878,403,26
286,287,288,289,290,878,403,26
287,288,289,290,878,403,26
288,289,290,878,403,26
289,290,878,403,26
290,878,403,26
291,290,878,403,26
292,757,403,26
293,292,757,403,26
294,293,292,757,403,26
295,294,293,292,757,403,26
297,490,403,26
298,282,240,71,297,490,403,26
299,1000,1001,569,1002,801,800,799,798,982,497,47,496,495,494,493,492,491,403,26
300,569,1002,801,800,799,798,982,497,47,496,495,494,493,492,491,403,26
301,299,1000,1001,569,1002,801,800,799,798,982,497,47,496,495,494,493,492,491,403,26
302,378,377,431,430,429,828,497,47,496,495,494,493,492,491,403,26
303,302,378,377,431,430,429,828,497,47,496,495,494,493,492,491,403,26
304,303,302,378,377,431,430,429,828,497,47,496,495,494,493,492,491,403,26
305,258,257,433,293,292,757,403,26
311,312,28,579,878,403,26
312,28,579,878,403,26
341,342,974,927,975,976,707,345,346,47,496,495,494,493,492,491,403,26
342,974,927,975,976,707,345,346,47,496,495,494,493,492,491,403,26
343,259,519,434,433,293,292,757,403,26
344,343,259,519,434,433,293,292,757,403,26
345,346,47,496,495,494,493,492,491,403,26
346,47,496,495,494,493,492,491,403,26
370,487,488,489,297,490,403,26
371,370,487,488,489,297,490,403,26
377,431,430,429,828,497,47,496,495,494,493,492,491,403,26
378,377,431,430,429,828,497,47,496,495,494,493,492,491,403,26
389,262,263,612,846,179,488,489,297,490,403,26
403,26
409,1035,285,579,878,403,26
410,290,878,403,26
413,661,281,239,240,71,297,490,403,26
423,409,1035,285,579,878,403,26
424,425,410,290,878,403,26
425,410,290,878,403,26
428,275,274,273,832,754,491,403,26
429,828,497,47,496,495,494,493,492,491,403,26
430,429,828,497,47,496,495,494,493,492,491,403,26
431,430,429,828,497,47,496,495,494,493,492,491,403,26
432,292,757,403,26
433,293,292,757,403,26
434,433,293,292,757,403,26
435,229,493,492,491,403,26
480,481,482,13,483,484,485,486,487,488,489,297,490,403,26
481,482,13,483,484,485,486,487,488,489,297,490,403,26
482,13,483,484,485,486,487,488,489,297,490,403,26
483,484,485,486,487,488,489,297,490,403,26
484,485,486,487,488,489,297,490,403,26
485,486,487,488,489,297,490,403,26
486,487,488,489,297,490,403,26
487,488,489,297,490,403,26
488,489,297,490,403,26
489,297,490,403,26
490,403,26
491,403,26
492,491,403,26
493,492,491,403,26
494,493,492,491,403,26
495,494,493,492,491,403,26
496,495,494,493,492,491,403,26
497,47,496,495,494,493,492,491,403,26
519,434,433,293,292,757,403,26
520,519,434,433,293,292,757,403,26
521,520,519,434,433,293,292,757,403,26
525,112,257,433,293,292,757,403,26
540,576,46,676,15,16,312,28,579,878,403,26
547,1056,1055,953,952,614,799,798,982,497,47,496,495,494,493,492,491,403,26
554,13,483,484,485,486,487,488,489,297,490,403,26
569,1002,801,800,799,798,982,497,47,496,495,494,493,492,491,403,26
575,435,229,493,492,491,403,26
576,46,676,15,16,312,28,579,878,403,26
577,30,29,285,579,878,403,26
578,577,30,29,285,579,878,403,26
579,878,403,26
612,846,179,488,489,297,490,403,26
614,799,798,982,497,47,496,495,494,493,492,491,403,26
615,614,799,798,982,497,47,496,495,494,493,492,491,403,26
643,701,702,703,704,705,706,707,345,346,47,496,495,494,493,492,491,403,26
661,281,239,240,71,297,490,403,26
662,70,71,297,490,403,26
668,765,766,157,579,878,403,26
676,15,16,312,28,579,878,403,26
678,220,255,425,410,290,878,403,26
699,700,643,701,702,703,704,705,706,707,345,346,47,496,495,494,493,492,491,403,26
700,643,701,702,703,704,705,706,707,345,346,47,496,495,494,493,492,491,403,26
701,702,703,704,705,706,707,345,346,47,496,495,494,493,492,491,403,26
702,703,704,705,706,707,345,346,47,496,495,494,493,492,491,403,26
703,704,705,706,707,345,346,47,496,495,494,493,492,491,403,26
704,705,706,707,345,346,47,496,495,494,493,492,491,403,26
705,706,707,345,346,47,496,495,494,493,492,491,403,26
706,707,345,346,47,496,495,494,493,492,491,403,26
707,345,346,47,496,495,494,493,492,491,403,26
718,302,378,377,431,430,429,828,497,47,496,495,494,493,492,491,403,26
725,87,86,85,84,344,343,259,519,434,435,229,493,492,491,403,26
754,491,403,26
757,403,26
758,432,292,757,403,26
759,256,758,432,292,757,403,26
764,2,662,70,71,297,490,403,26
765,766,157,579,878,403,26
766,157,579,878,403,26
767,766,157,579,878,403,26
798,982,497,47,496,495,494,493,492,491,403,26
799,798,982,497,47,496,495,494,493,492,491,403,26
800,799,798,982,497,47,496,495,494,493,492,491,403,26
801,800,799,798,982,497,47,496,495,494,493,492,491,403,26
803,577,30,29,285,579,878,403,26
808,1047,231,1048,29,285,579,878,403,26
809,808,1047,231,1048,29,285,579,878,403,26
810,803,577,30,29,285,579,878,403,26
826,221,255,425,410,290,878,403,26
828,497,47,496,495,494,493,492,491,403,26
829,341,342,974,927,975,976,707,345,346,47,496,495,494,493,492,491,403,26
831,304,303,302,378,377,431,430,429,828,497,47,496,495,494,493,492,491,403,26
832,754,491,403,26
846,179,488,489,297,490,403,26
847,846,179,488,489,297,490,403,26
848,179,488,489,297,490,403,26
849,554,13,483,484,485,486,487,488,489,297,490,403,26
850,554,13,483,484,485,486,487,488,489,297,490,403,26
865,662,70,71,297,490,403,26
869,525,112,257,433,293,292,757,403,26
878,403,26
890,891,829,341,342,974,927,975,976,707,345,346,47,496,495,494,493,492,491,403,26
891,829,341,342,974,927,975,976,707,345,346,47,496,495,494,493,492,491,403,26
907,826,221,255,425,410,290,878,403,26
908,907,826,221,255,425,410,290,878,403,26
909,908,907,826,221,255,425,410,432,292,757,403,26
921,922,923,924,925,926,927,975,976,707,345,346,47,496,495,494,493,492,491,403,26
922,923,924,925,926,927,975,976,707,345,346,47,496,495,494,493,492,491,403,26
923,924,925,926,927,975,976,707,345,346,47,496,495,494,493,492,491,403,26
924,925,926,927,975,976,707,345,346,47,496,495,494,493,492,491,403,26
925,926,927,975,976,707,345,346,47,496,495,494,493,492,491,403,26
926,927,975,976,707,345,346,47,496,495,494,493,492,491,403,26
927,975,976,707,345,346,47,496,495,494,493,492,491,403,26
942,810,803,577,30,29,285,579,878,403,26
943,942,810,220,255,425,410,290,878,403,26
952,614,799,798,982,497,47,496,495,494,493,492,491,403,26
953,952,614,799,798,982,497,47,496,495,494,493,492,491,403,26
954,953,952,614,799,798,982,497,47,496,495,494,493,492,491,403,26
968,969,970,971,972,973,342,974,927,975,976,707,345,346,47,496,495,494,493,492,491,403,26
969,970,971,972,973,342,974,927,975,976,707,345,346,47,496,495,494,493,492,491,403,26
970,971,972,973,342,974,927,975,976,707,345,346,47,496,495,494,493,492,491,403,26
971,972,973,342,974,927,975,976,707,345,346,47,496,495,494,493,492,491,403,26
972,973,342,974,927,975,976,707,345,346,47,496,495,494,493,492,491,403,26
973,342,974,927,975,976,707,345,346,47,496,495,494,493,492,491,403,26
974,927,975,976,707,345,346,47,496,495,494,493,492,491,403,26
975,976,707,345,346,47,496,495,494,493,492,491,403,26
976,707,345,346,47,496,495,494,493,492,491,403,26
977,978,979,980,981,497,47,496,495,494,493,492,491,403,26
978,979,980,981,497,47,496,495,494,493,492,491,403,26
979,980,981,497,47,496,495,494,493,492,491,403,26
980,981,497,47,496,495,494,493,492,491,403,26
981,497,47,496,495,494,493,492,491,403,26
982,497,47,496,495,494,493,492,491,403,26
983,798,982,497,47,496,495,494,493,492,491,403,26
984,344,343,259,519,434,433,293,292,757,403,26
985,984,344,343,259,519,434,433,293,292,757,403,26
986,985,984,344,343,259,519,434,433,293,292,757,403,26
987,986,985,984,344,343,259,519,434,433,293,292,757,403,26
988,987,986,985,984,344,343,259,519,434,433,293,292,757,403,26
989,988,987,986,985,984,344,343,259,519,434,433,293,292,757,403,26
990,989,988,987,986,985,984,344,343,259,519,434,433,293,292,757,403,26
991,990,989,988,987,986,985,984,344,343,259,519,434,433,293,292,757,403,26
992,991,990,989,988,987,986,985,984,344,343,259,519,434,433,293,292,757,403,26
993,803,577,30,29,285,579,878,403,26
998,21,190,301,299,1000,1001,569,1002,801,800,799,798,982,497,47,496,495,494,493,492,491,403,26
999,253,299,1000,1001,569,1002,801,800,799,798,982,497,47,496,495,494,493,492,491,403,26
1000,1001,569,1002,801,800,799,798,982,497,47,496,495,494,493,492,491,403,26
1001,569,1002,801,800,799,798,982,497,47,496,495,494,493,492,491,403,26
1002,801,800,799,798,982,497,47,496,495,494,493,492,491,403,26
1003,263,612,846,179,488,489,297,490,403,26
1010,829,341,342,974,927,975,976,707,345,346,47,496,495,494,493,492,491,403,26
1014,1043,547,1056,1055,953,952,614,799,798,982,497,47,496,495,494,493,492,491,403,26
1015,1014,1043,547,1056,1055,953,952,614,799,798,982,497,47,496,495,494,493,492,491,403,26
1016,283,241,240,71,297,490,403,26
1035,285,579,878,403,26
1043,547,1056,1055,953,952,614,799,798,982,497,47,496,495,494,493,492,491,403,26
1047,231,1048,29,285,579,878,403,26
1048,29,285,579,878,403,26
1055,953,952,614,799,798,982,497,47,496,495,494,493,492,491,403,26
1056,1055,953,952,614,799,798,982,497,47,496,495,494,493,492,491,403,26
