2,765,766,157,579,878,290,291,292,293,433,257,112
15,16,312,28,579,878,757,292,293,433,257,112
16,312,28,579,878,290,291,292,293,433,257,112
25,26,403,757,292,293,433,257,112
26,403,757,292,293,433,257,112
27,28,579,878,290,291,292,293,433,257,112
28,579,878,290,291,292,293,433,257,112
29,285,1035,409,423,424,220,255,256,257,112
30,409,423,424,220,255,256,257,112
46,576,577,803,810,220,255,256,257,112
47,496,495,494,493,492,832,754,293,433,257,112
60,61,112
61,112
62,61,112
70,71,297,490,403,757,292,293,433,257,112
71,297,490,403,757,292,293,433,257,112
80,945,944,943,942,810,220,255,256,257,112
84,209,228,258,257,112
85,84,209,228,258,257,112
86,85,84,209,228,258,257,112
87,86,85,84,209,228,258,257,112
111,146,260,275,274,273,832,754,293,433,257,112
112
113,61,112
114,863,909,908,907,826,221,255,256,257,112
115,870,525,112
145,146,260,275,274,273,832,754,293,433,257,112
146,260,275,274,273,832,754,293,433,257,112
154,15,16,312,28,579,878,757,292,293,433,257,112
155,16,312,28,579,878,290,291,292,293,433,257,112
156,157,579,878,290,291,292,293,433,257,112
157,579,285,1035,409,423,424,220,255,256,257,112
179,488,489,297,490,403,757,292,293,433,257,112
197,231,1048,29,285,1035,409,410,432,433,257,112
209,228,258,257,112
220,255,256,257,112
221,255,256,257,112
227,228,258,257,112
228,258,257,112
229,435,434,433,257,112
230,229,435,434,433,257,112
231,1048,29,285,1035,409,410,432,433,257,112
239,240,71,297,490,403,757,292,293,433,257,112
240,71,297,490,403,757,292,293,433,257,112
241,155,16,312,28,579,878,757,292,293,433,257,112
248,668,145,146,260,275,274,273,832,754,293,433,257,112
255,256,257,112
256,257,112
257,112
258,257,112
259,228,258,257,112
260,275,274,273,832,754,293,433,257,112
273,832,754,293,433,257,112
274,273,832,754,293,433,257,112
275,274,273,832,754,293,433,257,112
281,488,489,297,490,403,757,292,293,433,257,112
282,240,71,297,490,403,757,292,293,433,257,112
283,282,281,488,489,297,490,403,757,292,293,433,257,112
285,1035,409,423,424,220,255,256,257,112
286,287,288,289,290,291,292,293,433,257,112
287,288,289,290,291,292,293,433,257,112
288,289,290,291,292,293,433,257,112
289,290,291,292,293,433,257,112
290,291,292,293,433,257,112
291,292,293,433,257,112
292,293,433,257,112
293,433,257,112
294,293,433,257,112
295,294,293,433,257,112
297,490,403,757,292,293,433,257,112
299,1000,1001,569,1002,801,800,799,798,983,344,343,259,228,258,257,112
300,569,1002,801,800,799,798,983,344,343,259,228,258,257,112
301,299,1000,1001,569,1002,801,800,799,798,983,344,343,259,228,258,257,112
305,258,257,112
311,312,28,579,878,290,291,292,293,433,257,112
312,28,579,878,290,291,292,293,433,257,112
341,342,974,927,975,976,707,345,346,47,496,495,494,493,492,832,754,293,433,257,112
342,974,927,975,976,707,345,346,47,496,495,494,493,492,832,754,293,433,257,112
343,259,228,258,257,112
344,343,259,228,258,257,112
345,346,47,496,495,494,493,492,832,754,293,433,257,112
346,47,496,495,494,493,492,832,754,293,433,257,112
370,487,488,489,297,490,403,757,292,293,433,257,112
377,431,430,429,828,497,47,496,495,494,493,492,832,754,293,433,257,112
403,757,292,293,433,257,112
409,423,424,220,255,256,257,112
410,432,433,257,112
423,424,220,255,256,257,112
424,220,255,256,257,112
425,255,256,257,112
428,275,274,273,832,754,293,433,257,112
429,828,497,47,496,495,494,493,492,832,754,293,433,257,112
430,429,828,497,47,496,495,494,493,492,832,754,293,433,257,112
431,430,429,828,497,47,496,495,494,493,492,832,754,293,433,257,112
432,433,257,112
433,257,112
434,433,257,112
435,434,433,257,112
485,486,487,488,489,297,490,403,757,292,293,433,257,112
486,487,488,489,297,490,403,757,292,293,433,257,112
487,488,489,297,490,403,757,292,293,433,257,112
488,489,297,490,403,757,292,293,433,257,112
489,297,490,403,757,292,293,433,257,112
490,403,757,292,293,433,257,112
491,754,293,433,257,112
492,832,754,293,433,257,112
493,492,832,754,293,433,257,112
494,493,492,832,754,293,433,257,112
495,494,493,492,832,754,293,433,257,112
496,495,494,493,492,832,754,293,433,257,112
497,47,496,495,494,493,492,832,754,293,433,257,112
519,259,228,258,257,112
520,519,259,228,258,257,112
521,520,519,259,228,258,257,112
525,112
540,576,577,803,810,220,255,256,257,112
547,1056,1055,953,952,614,799,798,983,344,343,259,228,258,257,112
557,804,803,810,220,255,256,257,112
569,1002,801,800,799,798,983,344,343,259,228,258,257,112
575,435,434,433,257,112
576,577,803,810,220,255,256,257,112
577,803,810,220,255,256,257,112
578,577,803,810,220,255,256,257,112
579,285,1035,409,423,424,220,255,256,257,112
614,799,798,983,344,343,259,228,258,257,112
615,614,799,798,983,344,343,259,228,258,257,112
662,2,765,766,157,579,878,290,291,292,293,433,257,112
663,557,804,803,810,220,255,256,257,112
668,145,146,260,275,274,273,832,754,293,433,257,112
676,15,16,312,28,579,878,757,292,293,433,257,112
678,220,255,256,257,112
703,704,705,706,707,345,346,47,496,495,494,493,492,832,754,293,433,257,112
704,705,706,707,345,346,47,496,495,494,493,492,832,754,293,433,257,112
705,706,707,345,346,47,496,495,494,493,492,832,754,293,433,257,112
706,707,345,346,47,496,495,494,493,492,832,754,293,433,257,112
707,345,346,47,496,495,494,493,492,832,754,293,433,257,112
725,87,86,85,84,209,228,258,257,112
754,293,433,257,112
757,292,293,433,257,112
758,256,257,112
759,256,257,112
761,663,557,804,803,810,220,255,256,257,112
765,766,157,579,878,290,291,292,293,433,257,112
766,157,579,285,1035,409,423,424,220,255,256,257,112
767,766,157,579,878,290,291,292,293,433,257,112
768,1004,863,909,908,907,826,221,255,256,257,112
798,983,344,343,259,228,258,257,112
799,798,983,344,343,259,228,258,257,112
800,799,798,983,344,343,259,228,258,257,112
801,800,799,798,983,344,343,259,228,258,257,112
803,810,220,255,256,257,112
804,803,810,220,255,256,257,112
805,60,61,112
808,16,312,28,579,878,757,292,293,433,257,112
810,220,255,256,257,112
826,221,255,256,257,112
827,768,1004,863,909,908,907,826,221,255,256,257,112
828,497,47,496,495,494,493,492,832,754,293,433,257,112
832,754,293,433,257,112
846,179,488,489,297,490,403,757,292,293,433,257,112
862,1032,678,220,255,256,257,112
863,909,908,907,826,221,255,256,257,112
869,525,112
870,525,112
878,290,291,292,293,433,257,112
907,826,221,255,256,257,112
908,907,826,221,255,256,257,112
909,908,907,826,221,255,256,257,112
910,945,944,943,942,810,220,255,256,257,112
925,926,927,975,976,707,345,346,47,496,495,494,493,492,832,754,293,433,257,112
926,927,975,976,707,345,346,47,496,495,494,493,492,832,754,293,433,257,112
927,975,976,707,345,346,47,496,495,494,493,492,832,754,293,433,257,112
931,1004,863,909,908,907,826,221,255,256,257,112
936,862,1032,678,220,255,256,257,112
942,810,220,255,256,257,112
943,942,810,220,255,256,257,112
944,943,942,810,220,255,256,257,112
945,944,943,942,810,220,255,256,257,112
952,614,799,798,983,344,343,259,228,258,257,112
953,952,614,799,798,983,344,343,259,228,258,257,112
954,953,952,614,799,798,983,344,343,259,228,258,257,112
972,973,342,974,927,975,976,707,345,346,47,496,495,494,493,492,832,754,293,433,257,112
973,342,974,927,975,976,707,345,346,47,496,495,494,493,492,832,754,293,433,257,112
974,927,975,976,707,345,346,47,496,495,494,493,492,832,754,293,433,257,112
975,976,707,345,346,47,496,495,494,493,492,832,754,293,433,257,112
976,707,345,346,47,496,495,494,493,492,832,754,293,433,257,112
977,978,979,980,981,497,47,496,495,494,493,492,832,754,293,433,257,112
978,979,980,981,497,47,496,495,494,493,492,832,754,293,433,257,112
979,980,981,497,47,496,495,494,493,492,832,754,293,433,257,112
980,981,497,47,496,495,494,493,492,832,754,293,433,257,112
981,497,47,496,495,494,493,492,832,754,293,433,257,112
982,497,47,496,495,494,493,492,832,754,293,433,257,112
983,344,343,259,228,258,257,112
984,344,343,259,228,258,257,112
985,984,344,343,259,228,258,257,112
986,985,984,344,343,259,228,258,257,112
987,986,985,984,344,343,259,228,258,257,112
988,987,986,985,984,344,343,259,228,258,257,112
989,988,987,986,985,984,344,343,259,228,258,257,112
990,989,988,987,986,985,984,344,343,259,228,258,257,112
991,990,989,988,987,986,985,984,344,343,259,228,258,257,112
992,991,990,989,988,987,986,985,984,344,343,259,228,258,257,112
993,803,810,220,255,256,257,112
1000,1001,569,1002,801,800,799,798,983,344,343,259,228,258,257,112
1001,569,1002,801,800,799,798,983,344,343,259,228,258,257,112
1002,801,800,799,798,983,344,343,259,228,258,257,112
1004,863,909,908,907,826,221,255,256,257,112
1005,115,870,525,112
1031,1005,115,870,525,112
1032,678,220,255,256,257,112
1035,409,423,424,220,255,256,257,112
1043,547,1056,1055,953,952,614,799,798,983,344,343,259,228,258,257,112
1047,231,1048,29,285,1035,409,410,432,433,257,112
1048,29,285,1035,409,423,424,425,758,256,257,112
1055,953,952,614,799,798,983,344,343,259,228,258,257,112
1056,1055,953,952,614,799,798,983,344,343,259,228,258,257,112
